Start Date,1/1/2017,,,,,,,,,,,,,,,,,,,,,,,,,,,,,,,,,,,,,,,,,,,,,,,,,,,,,,,,,,,,,,,,,,,,,,,,,,,,,,,,,,,,,,,,,,,,,,,,,,,,,,,,,,,,,,,,,,,,,,,,,,,,,,,,,,,,,,,,,,,,,,,,,,,,,,,,,,,,,,,,,,,,,,,,,,,,,,,,,,,,,,,,,,,,,,,,,,,,,,,,,,,,,,,,,,,,,,,,,,,,,,,,,,,,,,,,,,,,,,,,,,,,,,,,,,,,,,,,,,,,,,,,,,,,,,,,,,,,,,,,,,,,,,,,,,,,,,,,,,,,,,,,,,,,,,,,,,,,,,,,,,,,,,,,,,,,,,,,,,,,,,,,,,,,,,,,,,,,,,,,,,,,,,,,,,,,,,,,,,,,,,,,,,,,,,,,,,,,,,,,,,,,,,,,,,,,,,,,,,,,,,,,,,,,,,,,,,,,,,,,,,,,,,,,,,,,,,,,,,,,,,,,,,,,,,,,,,,,,,,,,,,,,,,,,,,,,,,,,,,,,,,,,,,,,,,,,,,,,,,,,,,,,,,,,,,,,,,,,,,,,,,,,,,,,,,,,,,,,,,,,,,,,,,,,,,,,,,,,,,,,,,,,,,,,,,,,,,,,,,,,,,,,,,,,,,,,,,,,,,,,,,,,,,,,,,,,,,,,,,,,,,,,,,,,,,,,,,,,,,,,,,,,,,,,,,,,,,,,,,,,,,,,,,,,,,,,,,,,,,,,,,,,,,,,,,,,,,,,,,,,,,,,,,,,,,,,,,,,,,,,,,,,,,,,,,,,,,,,,,,,,,,,,,,,,,,,,,,,,,,,,,,,,,,,,,,,,,,,,,,,,,,,,,,,,,,,,,,,,,,,,,,,,,,,,,,,,,,,,,,,,,,,,,,,,,,,,,,,,,,,,,,,,,,,,,,,,,,,,,,,,,,,,,,,,,,,,,,,,,,,,,,,,,,,,,,,,,,,,,,,,,,,,,,,,,,,,,,,,,,,,,,,,,,,,,,,,,,,,,,,,,,
End Date,28/6/2018,,,,,,,,,,,,,,,,,,,,,,,,,,,,,,,,,,,,,,,,,,,,,,,,,,,,,,,,,,,,,,,,,,,,,,,,,,,,,,,,,,,,,,,,,,,,,,,,,,,,,,,,,,,,,,,,,,,,,,,,,,,,,,,,,,,,,,,,,,,,,,,,,,,,,,,,,,,,,,,,,,,,,,,,,,,,,,,,,,,,,,,,,,,,,,,,,,,,,,,,,,,,,,,,,,,,,,,,,,,,,,,,,,,,,,,,,,,,,,,,,,,,,,,,,,,,,,,,,,,,,,,,,,,,,,,,,,,,,,,,,,,,,,,,,,,,,,,,,,,,,,,,,,,,,,,,,,,,,,,,,,,,,,,,,,,,,,,,,,,,,,,,,,,,,,,,,,,,,,,,,,,,,,,,,,,,,,,,,,,,,,,,,,,,,,,,,,,,,,,,,,,,,,,,,,,,,,,,,,,,,,,,,,,,,,,,,,,,,,,,,,,,,,,,,,,,,,,,,,,,,,,,,,,,,,,,,,,,,,,,,,,,,,,,,,,,,,,,,,,,,,,,,,,,,,,,,,,,,,,,,,,,,,,,,,,,,,,,,,,,,,,,,,,,,,,,,,,,,,,,,,,,,,,,,,,,,,,,,,,,,,,,,,,,,,,,,,,,,,,,,,,,,,,,,,,,,,,,,,,,,,,,,,,,,,,,,,,,,,,,,,,,,,,,,,,,,,,,,,,,,,,,,,,,,,,,,,,,,,,,,,,,,,,,,,,,,,,,,,,,,,,,,,,,,,,,,,,,,,,,,,,,,,,,,,,,,,,,,,,,,,,,,,,,,,,,,,,,,,,,,,,,,,,,,,,,,,,,,,,,,,,,,,,,,,,,,,,,,,,,,,,,,,,,,,,,,,,,,,,,,,,,,,,,,,,,,,,,,,,,,,,,,,,,,,,,,,,,,,,,,,,,,,,,,,,,,,,,,,,,,,,,,,,,,,,,,,,,,,,,,,,,,,,,,,,,,,,,,,,,,,,,,,,,,,,,,,,,,,,,,,,,,,,,,,,,,,,,,,,,,,,,
,,,,,,,,,,,,,,,,,,,,,,,,,,,,,,,,,,,,,,,,,,,,,,,,,,,,,,,,,,,,,,,,,,,,,,,,,,,,,,,,,,,,,,,,,,,,,,,,,,,,,,,,,,,,,,,,,,,,,,,,,,,,,,,,,,,,,,,,,,,,,,,,,,,,,,,,,,,,,,,,,,,,,,,,,,,,,,,,,,,,,,,,,,,,,,,,,,,,,,,,,,,,,,,,,,,,,,,,,,,,,,,,,,,,,,,,,,,,,,,,,,,,,,,,,,,,,,,,,,,,,,,,,,,,,,,,,,,,,,,,,,,,,,,,,,,,,,,,,,,,,,,,,,,,,,,,,,,,,,,,,,,,,,,,,,,,,,,,,,,,,,,,,,,,,,,,,,,,,,,,,,,,,,,,,,,,,,,,,,,,,,,,,,,,,,,,,,,,,,,,,,,,,,,,,,,,,,,,,,,,,,,,,,,,,,,,,,,,,,,,,,,,,,,,,,,,,,,,,,,,,,,,,,,,,,,,,,,,,,,,,,,,,,,,,,,,,,,,,,,,,,,,,,,,,,,,,,,,,,,,,,,,,,,,,,,,,,,,,,,,,,,,,,,,,,,,,,,,,,,,,,,,,,,,,,,,,,,,,,,,,,,,,,,,,,,,,,,,,,,,,,,,,,,,,,,,,,,,,,,,,,,,,,,,,,,,,,,,,,,,,,,,,,,,,,,,,,,,,,,,,,,,,,,,,,,,,,,,,,,,,,,,,,,,,,,,,,,,,,,,,,,,,,,,,,,,,,,,,,,,,,,,,,,,,,,,,,,,,,,,,,,,,,,,,,,,,,,,,,,,,,,,,,,,,,,,,,,,,,,,,,,,,,,,,,,,,,,,,,,,,,,,,,,,,,,,,,,,,,,,,,,,,,,,,,,,,,,,,,,,,,,,,,,,,,,,,,,,,,,,,,,,,,,,,,,,,,,,,,,,,,,,,,,,,,,,,,,,,,,,,,,,,,,,,,,,,,,,,,,,,,,,,,,,,,,,,,,,,,,,,,,,,,,,,,,,,,,,,,,,,,,,,
Securities,1728 HK Equity,,1999 HK Equity,,1929 HK Equity,,2331 HK Equity,,1114 HK Equity,,3813 HK Equity,,136 HK Equity,,1211 HK Equity,,3818 HK Equity,,1828 HK Equity,,494 HK Equity,,1086 HK Equity,,860 HK Equity,,819 HK Equity,,78 HK Equity,,2282 HK Equity,,1212 HK Equity,,1269 HK Equity,,547 HK Equity,,175 HK Equity,,256 HK Equity,,489 HK Equity,,1293 HK Equity,,848 HK Equity,,669 HK Equity,,1382 HK Equity,,1060 HK Equity,,521 HK Equity,,1128 HK Equity,,1028 HK Equity,,538 HK Equity,,1368 HK Equity,,178 HK Equity,,2238 HK Equity,,27 HK Equity,,200 HK Equity,,1361 HK Equity,,52 HK Equity,,425 HK Equity,,881 HK Equity,,951 HK Equity,,3389 HK Equity,,308 HK Equity,,590 HK Equity,,330 HK Equity,,868 HK Equity,,1234 HK Equity,,2020 HK Equity,,551 HK Equity,,341 HK Equity,,493 HK Equity,,1928 HK Equity,,1070 HK Equity,,1169 HK Equity,,419 HK Equity,,2313 HK Equity,,751 HK Equity,,2006 HK Equity,,880 HK Equity,,511 HK Equity,,321 HK Equity,,2678 HK Equity,,2001 HK Equity,,2232 HK Equity,,772 HK Equity,,839 HK Equity,,3998 HK Equity,,709 HK Equity,,6068 HK Equity,,6169 HK Equity,,1569 HK Equity,,45 HK Equity,,1970 HK Equity,,2199 HK Equity,,1585 HK Equity,,198 HK Equity,,680 HK Equity,,3836 HK Equity,,1680 HK Equity,,1316 HK Equity,,2333 HK Equity,,1899 HK Equity,,1317 HK Equity,,1478 HK Equity,,1958 HK Equity,,3606 HK Equity,,69 HK Equity,,1448 HK Equity,,2255 HK Equity,,2111 HK Equity,,787 HK Equity,,2298 HK Equity,,400 HK Equity,,1230 HK Equity,,2222 HK Equity,,151 HK Equity,,6808 HK Equity,,606 HK Equity,,1117 HK Equity,,1115 HK Equity,,1112 HK Equity,,1886 HK Equity,,506 HK Equity,,43 HK Equity,,220 HK Equity,,2319 HK Equity,,1044 HK Equity,,168 HK Equity,,345 HK Equity,,291 HK Equity,,1579 HK Equity,,1610 HK Equity,,1458 HK Equity,,322 HK Equity,,3799 HK Equity,,1219 HK Equity,,288 HK Equity,,1432 HK Equity,,342 HK Equity,,934 HK Equity,,386 HK Equity,,467 HK Equity,,857 HK Equity,,2883 HK Equity,,1898 HK Equity,,883 HK Equity,,1088 HK Equity,,1171 HK Equity,,135 HK Equity,,3908 HK Equity,,6881 HK Equity,,3968 HK Equity,,1428 HK Equity,,806 HK Equity,,5 HK Equity,,2628 HK Equity,,3360 HK Equity,,966 HK Equity,,2356 HK Equity,,1140 HK Equity,,23 HK Equity,,3328 HK Equity,,998 HK Equity,,2328 HK Equity,,1141 HK Equity,,2318 HK Equity,,279 HK Equity,,1299 HK Equity,,6030 HK Equity,,3618 HK Equity,,142 HK Equity,,3988 HK Equity,,1288 HK Equity,,508 HK Equity,,86 HK Equity,,6818 HK Equity,,1398 HK Equity,,6837 HK Equity,,2388 HK Equity,,1788 HK Equity,,1988 HK Equity,,721 HK Equity,,1963 HK Equity,,939 HK Equity,,2611 HK Equity,,3329 HK Equity,,6060 HK Equity,,2858 HK Equity,,165 HK Equity,,665 HK Equity,,1336 HK Equity,,3958 HK Equity,,6178 HK Equity,,1658 HK Equity,,6099 HK Equity,,6066 HK Equity,,931 HK Equity,,11 HK Equity,,2601 HK Equity,,6886 HK Equity,,1508 HK Equity,,2799 HK Equity,,378 HK Equity,,388 HK Equity,,440 HK Equity,,717 HK Equity,,1339 HK Equity,,1776 HK Equity,,1359 HK Equity,,1375 HK Equity,,867 HK Equity,,2607 HK Equity,,1666 HK Equity,,1302 HK Equity,,570 HK Equity,,1066 HK Equity,,2877 HK Equity,,3933 HK Equity,,1093 HK Equity,,241 HK Equity,,950 HK Equity,,1099 HK Equity,,874 HK Equity,,2196 HK Equity,,853 HK Equity,,460 HK Equity,,1177 HK Equity,,2005 HK Equity,,2269 HK Equity,,775 HK Equity,,3320 HK Equity,,512 HK Equity,,1530 HK Equity,,2666 HK Equity,,1548 HK Equity,,1345 HK Equity,,1515 HK Equity,,1681 HK Equity,,1513 HK Equity,,2186 HK Equity,,1829 HK Equity,,1186 HK Equity,,368 HK Equity,,2208 HK Equity,,3339 HK Equity,,152 HK Equity,,729 HK Equity,,1308 HK Equity,,687 HK Equity,,1052 HK Equity,,1800 HK Equity,,1882 HK Equity,,2880 HK Equity,,737 HK Equity,,659 HK Equity,,670 HK Equity,,2343 HK Equity,,598 HK Equity,,1138 HK Equity,,1618 HK Equity,,1205 HK Equity,,66 HK Equity,,1055 HK Equity,,316 HK Equity,,317 HK Equity,,363 HK Equity,,144 HK Equity,,1196 HK Equity,,3898 HK Equity,,3899 HK Equity,,1766 HK Equity,,3382 HK Equity,,439 HK Equity,,293 HK Equity,,656 HK Equity,,658 HK Equity,,753 HK Equity,,179 HK Equity,,631 HK Equity,,390 HK Equity,,576 HK Equity,,2866 HK Equity,,2128 HK Equity,,1919 HK Equity,,1164 HK Equity,,694 HK Equity,,2338 HK Equity,,1315 HK Equity,,1157 HK Equity,,3808 HK Equity,,257 HK Equity,,1199 HK Equity,,2357 HK Equity,,548 HK Equity,,2588 HK Equity,,525 HK Equity,,2869 HK Equity,,517 HK Equity,,242 HK Equity,,182 HK Equity,,2386 HK Equity,,177 HK Equity,,267 HK Equity,,2727 HK Equity,,3311 HK Equity,,2039 HK Equity,,699 HK Equity,,1 HK Equity,,636 HK Equity,,586 HK Equity,,1848 HK Equity,,3969 HK Equity,,777 HK Equity,,582 HK Equity,,1089 HK Equity,,763 HK Equity,,3888 HK Equity,,1888 HK Equity,,2382 HK Equity,,885 HK Equity,,2018 HK Equity,,992 HK Equity,,303 HK Equity,,968 HK Equity,,3800 HK Equity,,1282 HK Equity,,3336 HK Equity,,327 HK Equity,,700 HK Equity,,698 HK Equity,,522 HK Equity,,818 HK Equity,,2038 HK Equity,,2342 HK Equity,,354 HK Equity,,981 HK Equity,,696 HK Equity,,268 HK Equity,,732 HK Equity,,2280 HK Equity,,861 HK Equity,,6088 HK Equity,,1357 HK Equity,,148 HK Equity,,3396 HK Equity,,799 HK Equity,,3393 HK Equity,,1347 HK Equity,,6869 HK Equity,,285 HK Equity,,1980 HK Equity,,1313 HK Equity,,2099 HK Equity,,976 HK Equity,,906 HK Equity,,1378 HK Equity,,546 HK Equity,,2009 HK Equity,,581 HK Equity,,297 HK Equity,,1333 HK Equity,,2899 HK Equity,,338 HK Equity,,358 HK Equity,,347 HK Equity,,2314 HK Equity,,914 HK Equity,,639 HK Equity,,2689 HK Equity,,468 HK Equity,,3993 HK Equity,,189 HK Equity,,2233 HK Equity,,3983 HK Equity,,3323 HK Equity,,1818 HK Equity,,1208 HK Equity,,336 HK Equity,,323 HK Equity,,1250 HK Equity,,2600 HK Equity,,1636 HK Equity,,19 HK Equity,,3900 HK Equity,,1238 HK Equity,,1638 HK Equity,,14 HK Equity,,480 HK Equity,,1918 HK Equity,,1777 HK Equity,,173 HK Equity,,978 HK Equity,,535 HK Equity,,12 HK Equity,,960 HK Equity,,1207 HK Equity,,405 HK Equity,,808 HK Equity,,823 HK Equity,,435 HK Equity,,813 HK Equity,,878 HK Equity,,2868 HK Equity,,817 HK Equity,,1109 HK Equity,,17 HK Equity,,688 HK Equity,,101 HK Equity,,683 HK Equity,,87 HK Equity,,1668 HK Equity,,1628 HK Equity,,337 HK Equity,,1966 HK Equity,,2777 HK Equity,,87001 HK Equity,,410 HK Equity,,563 HK Equity,,2007 HK Equity,,119 HK Equity,,35 HK Equity,,845 HK Equity,,2778 HK Equity,,10 HK Equity,,272 HK Equity,,3377 HK Equity,,3883 HK Equity,,3383 HK Equity,,1176 HK Equity,,3333 HK Equity,,83 HK Equity,,1813 HK Equity,,778 HK Equity,,1972 HK Equity,,996 HK Equity,,488 HK Equity,,832 HK Equity,,81 HK Equity,,1997 HK Equity,,604 HK Equity,,754 HK Equity,,123 HK Equity,,4 HK Equity,,1098 HK Equity,,1528 HK Equity,,2669 HK Equity,,2768 HK Equity,,3301 HK Equity,,163 HK Equity,,16 HK Equity,,20 HK Equity,,127 HK Equity,,95 HK Equity,,607 HK Equity,,884 HK Equity,,1030 HK Equity,,1113 HK Equity,,3380 HK Equity,,1622 HK Equity,,2202 HK Equity,,1778 HK Equity,,728 HK Equity,,215 HK Equity,,8 HK Equity,,552 HK Equity,,1883 HK Equity,,941 HK Equity,,762 HK Equity,,315 HK Equity,,1310 HK Equity,,816 HK Equity,,1363 HK Equity,,916 HK Equity,,2380 HK Equity,,392 HK Equity,,686 HK Equity,,6 HK Equity,,836 HK Equity,,1083 HK Equity,,6828 HK Equity,,579 HK Equity,,958 HK Equity,,2 HK Equity,,451 HK Equity,,2688 HK Equity,,855 HK Equity,,902 HK Equity,,371 HK Equity,,1193 HK Equity,,735 HK Equity,,991 HK Equity,,882 HK Equity,,1257 HK Equity,,603 HK Equity,,3 HK Equity,,270 HK Equity,,384 HK Equity,,1071 HK Equity,,1038 HK Equity,,1816 HK Equity,,1811 HK Equity,,1381 HK Equity,,6136 HK Equity
,,,,,,,,,,,,,,,,,,,,,,,,,,,,,,,,,,,,,,,,,,,,,,,,,,,,,,,,,,,,,,,,,,,,,,,,,,,,,,,,,,,,,,,,,,,,,,,,,,,,,,,,,,,,,,,,,,,,,,,,,,,,,,,,,,,,,,,,,,,,,,,,,,,,,,,,,,,,,,,,,,,,,,,,,,,,,,,,,,,,,,,,,,,,,,,,,,,,,,,,,,,,,,,,,,,,,,,,,,,,,,,,,,,,,,,,,,,,,,,,,,,,,,,,,,,,,,,,,,,,,,,,,,,,,,,,,,,,,,,,,,,,,,,,,,,,,,,,,,,,,,,,,,,,,,,,,,,,,,,,,,,,,,,,,,,,,,,,,,,,,,,,,,,,,,,,,,,,,,,,,,,,,,,,,,,,,,,,,,,,,,,,,,,,,,,,,,,,,,,,,,,,,,,,,,,,,,,,,,,,,,,,,,,,,,,,,,,,,,,,,,,,,,,,,,,,,,,,,,,,,,,,,,,,,,,,,,,,,,,,,,,,,,,,,,,,,,,,,,,,,,,,,,,,,,,,,,,,,,,,,,,,,,,,,,,,,,,,,,,,,,,,,,,,,,,,,,,,,,,,,,,,,,,,,,,,,,,,,,,,,,,,,,,,,,,,,,,,,,,,,,,,,,,,,,,,,,,,,,,,,,,,,,,,,,,,,,,,,,,,,,,,,,,,,,,,,,,,,,,,,,,,,,,,,,,,,,,,,,,,,,,,,,,,,,,,,,,,,,,,,,,,,,,,,,,,,,,,,,,,,,,,,,,,,,,,,,,,,,,,,,,,,,,,,,,,,,,,,,,,,,,,,,,,,,,,,,,,,,,,,,,,,,,,,,,,,,,,,,,,,,,,,,,,,,,,,,,,,,,,,,,,,,,,,,,,,,,,,,,,,,,,,,,,,,,,,,,,,,,,,,,,,,,,,,,,,,,,,,,,,,,,,,,,,,,,,,,,,,,,,,,,,,,,,,,,,,,,,,,,,,,,,,,,,,,,,,,,,,,,,,,,,,,,,,,,,,,,,,,,,,,,,
EPS_GROWTH,,,,,,,,,,,,,,,,,,,,,,,,,,,,,,,,,,,,,,,,,,,,,,,,,,,,,,,,,,,,,,,,,,,,,,,,,,,,,,,,,,,,,,,,,,,,,,,,,,,,,,,,,,,,,,,,,,,,,,,,,,,,,,,,,,,,,,,,,,,,,,,,,,,,,,,,,,,,,,,,,,,,,,,,,,,,,,,,,,,,,,,,,,,,,,,,,,,,,,,,,,,,,,,,,,,,,,,,,,,,,,,,,,,,,,,,,,,,,,,,,,,,,,,,,,,,,,,,,,,,,,,,,,,,,,,,,,,,,,,,,,,,,,,,,,,,,,,,,,,,,,,,,,,,,,,,,,,,,,,,,,,,,,,,,,,,,,,,,,,,,,,,,,,,,,,,,,,,,,,,,,,,,,,,,,,,,,,,,,,,,,,,,,,,,,,,,,,,,,,,,,,,,,,,,,,,,,,,,,,,,,,,,,,,,,,,,,,,,,,,,,,,,,,,,,,,,,,,,,,,,,,,,,,,,,,,,,,,,,,,,,,,,,,,,,,,,,,,,,,,,,,,,,,,,,,,,,,,,,,,,,,,,,,,,,,,,,,,,,,,,,,,,,,,,,,,,,,,,,,,,,,,,,,,,,,,,,,,,,,,,,,,,,,,,,,,,,,,,,,,,,,,,,,,,,,,,,,,,,,,,,,,,,,,,,,,,,,,,,,,,,,,,,,,,,,,,,,,,,,,,,,,,,,,,,,,,,,,,,,,,,,,,,,,,,,,,,,,,,,,,,,,,,,,,,,,,,,,,,,,,,,,,,,,,,,,,,,,,,,,,,,,,,,,,,,,,,,,,,,,,,,,,,,,,,,,,,,,,,,,,,,,,,,,,,,,,,,,,,,,,,,,,,,,,,,,,,,,,,,,,,,,,,,,,,,,,,,,,,,,,,,,,,,,,,,,,,,,,,,,,,,,,,,,,,,,,,,,,,,,,,,,,,,,,,,,,,,,,,,,,,,,,,,,,,,,,,,,,,,,,,,,,,,,,,,,,,,,,,,,,,,,,,,,,,,,,,,,,,,,,,,,,
30/6/2017,102.6087,31/3/2017,23.6407,31/3/2017,32.4783,30/6/2017,348.0226,30/6/2017,28.1007,31/3/2017,-30.601,31/12/2017,1327.4194,31/3/2017,-41.7897,30/6/2017,11.9816,30/6/2017,5.4122,30/6/2017,39.0805,30/6/2017,10,#N/A N/A,,30/6/2017,11.4286,30/6/2017,109.6454,30/6/2017,-2.3392,30/6/2017,319.4365,30/6/2017,-95,30/6/2017,28.8147,30/6/2017,125.0577,30/6/2017,-77.7385,30/6/2017,4.2108,30/6/2017,433.3333,30/6/2017,511.7647,30/6/2017,15.2735,31/3/2017,4.2476,30/6/2017,-3.7838,30/6/2017,-137.5,30/6/2017,40.9091,30/6/2017,-57.0776,30/6/2017,-80.6721,30/6/2017,-18.9561,31/3/2017,-3.261,30/6/2017,56.4516,30/6/2017,80.5,30/6/2017,-98.3655,30/6/2017,16.6667,31/3/2017,2.2029,30/6/2017,27.0862,30/6/2017,120.6294,30/6/2017,-16.6667,30/6/2017,58.5445,30/6/2017,32.6531,31/3/2017,18.8995,30/6/2017,-97.6747,30/6/2017,17.8602,30/6/2017,1.8182,30/6/2017,23.9867,30/6/2017,3.9709,31/3/2017,-12.5747,30/6/2017,0,30/6/2017,23.0205,30/6/2017,39.4495,30/6/2017,20.5904,30/6/2017,-12.5,30/6/2017,22.1154,31/3/2017,-64.6054,30/6/2017,0.5035,30/6/2017,-12.8866,30/6/2017,-26.4151,31/3/2017,-80.4757,30/6/2017,34.6154,#N/A N/A,,30/6/2017,31.5789,31/12/2017,1380,#N/A N/A,,31/3/2017,19.885,30/6/2017,20,31/8/2017,10,#N/A N/A,,31/12/2017,-14.25,30/6/2017,153.8462,30/6/2017,0,30/9/2017,310.5263,30/6/2017,-25,30/6/2017,10,30/6/2017,103.7778,30/6/2017,85,30/6/2017,-32.1429,30/6/2017,16.6667,30/6/2017,-50,30/6/2017,187.6984,28/2/2017,50.5556,30/6/2017,130,30/6/2017,-59.375,30/6/2017,-5.1724,31/12/2017,-12.3407,30/6/2017,27.0588,30/6/2017,43.75,30/6/2017,-27.0933,30/9/2017,3000,30/6/2017,-18.9485,30/6/2017,21.7105,31/12/2017,82.7398,30/6/2017,72.2433,30/6/2017,-12.9267,30/6/2017,20,31/12/2017,-81.3242,30/6/2017,-5.0657,30/6/2017,2.2913,30/6/2017,12.2807,30/6/2017,75,30/6/2017,14.5339,31/3/2017,-78.1089,30/6/2017,-26.5181,30/6/2017,4.6931,30/6/2017,15.3886,30/6/2017,7.4589,31/3/2017,-28.8309,30/6/2017,70.7599,31/12/2017,14.9573,31/12/2017,-58.0036,31/12/2017,-11.4628,31/3/2017,13.6825,30/6/2017,8.3333,30/6/2017,-8.3333,30/6/2017,0.9926,30/6/2017,-98.4127,30/6/2017,-7.483,30/6/2017,37.2758,31/3/2017,168.6275,30/6/2017,-35.7884,30/6/2017,-51.2791,31/3/2017,36.8421,30/6/2017,750,31/12/2017,0.657,31/3/2017,158.4034,30/6/2017,775,30/6/2017,0.4357,30/6/2017,41.6667,30/6/2017,-12.5,31/3/2017,8.2192,31/3/2017,23.3156,30/6/2017,3966.6667,31/3/2017,-20,30/6/2017,19.4444,30/6/2017,13.8829,30/6/2017,-27.6592,30/6/2017,20.7792,30/9/2017,491.453,30/6/2017,5.1261,31/3/2017,0,31/3/2017,0,30/6/2017,13.5097,31/3/2017,42.9248,31/3/2017,11.2069,30/9/2017,-11.0465,31/5/2017,43.5294,31/3/2017,35.7143,31/3/2017,8.3333,30/6/2017,8.3916,31/3/2017,0,31/3/2017,0,31/3/2017,-180.5357,30/6/2017,188,31/3/2017,0,31/3/2017,0,30/6/2017,-5.4054,30/6/2017,24.505,30/6/2017,24.7119,31/3/2017,2.6316,30/6/2017,66.3781,30/6/2017,10.7692,31/3/2017,3.7037,30/6/2017,-14.943,31/12/2017,-11.1111,#N/A N/A,,#N/A N/A,,30/6/2017,11.6162,30/6/2017,27.0657,30/6/2017,-2.8037,31/3/2017,75,31/3/2017,-19.7227,31/12/2017,7.2727,30/6/2017,-1.3036,30/6/2017,116.1946,#N/A N/A,,30/6/2017,22.9117,30/6/2017,5.8824,30/6/2017,5,30/6/2017,16.6667,30/6/2017,21.4286,30/9/2017,-56.3218,31/3/2017,18.4874,30/6/2017,23.2365,31/3/2017,13.363,30/6/2017,16.6667,30/6/2017,5.6604,30/6/2017,4.5455,30/6/2017,-70,30/6/2017,23.0886,30/6/2017,11.1128,30/6/2017,-5.8824,30/6/2017,46.1538,30/6/2017,23.0419,30/6/2017,69.4118,30/6/2017,-33.3333,31/12/2017,87.848,30/6/2017,24.1557,31/3/2017,-16.3605,30/6/2017,2.615,30/6/2017,8.6957,31/3/2017,-5.9937,30/6/2017,7.6923,30/6/2017,354.5455,30/6/2017,24.9296,31/3/2017,35.3553,30/6/2017,35.743,31/12/2017,60,30/6/2017,-9.2308,30/6/2017,-17.1429,30/6/2017,62.8319,30/6/2017,45.4545,30/6/2017,47.8261,30/6/2017,10,30/6/2017,37.5,30/6/2017,56.25,30/6/2017,36.8,31/3/2017,10.5,30/6/2017,-8.1377,30/6/2017,-21.0526,30/6/2017,11.6279,#N/A N/A,,30/6/2017,-41.5094,30/6/2017,140,30/6/2017,69.697,31/3/2017,40.4349,30/6/2017,20,30/6/2017,-78.8652,30/6/2017,8.7081,30/6/2017,8.4046,30/6/2017,37.2093,31/3/2017,-8,30/6/2017,36.2257,30/6/2017,16.7681,30/6/2017,20,30/6/2017,83.871,30/6/2017,1.9048,31/3/2017,3.0996,30/6/2017,-12.9898,30/6/2017,80.7692,30/6/2017,45.977,30/6/2017,-12.5,#N/A N/A,,31/3/2017,1757.1429,30/6/2017,5.3672,30/6/2017,84.6577,30/6/2017,3.5311,31/3/2017,-14.5833,31/12/2017,366.9507,30/6/2017,-27.7778,30/6/2017,22.5806,30/6/2017,298.9189,#N/A N/A,,30/6/2017,33.3333,30/6/2017,-25.9259,30/6/2017,-10.2446,31/3/2017,56.1899,#N/A N/A,,30/6/2017,38.3929,31/3/2017,21.3439,31/12/2017,-12.1999,30/6/2017,6.8966,#N/A N/A,,31/12/2017,-59.6238,30/6/2017,39.7129,30/6/2017,407.6923,#N/A N/A,,30/9/2017,347.7278,30/6/2017,466.6667,30/6/2017,48.5905,31/3/2017,-13.7931,30/6/2017,9.1124,30/6/2017,20.5674,30/6/2017,0,30/6/2017,-30,30/6/2017,1.5873,30/6/2017,41.9048,#N/A N/A,,30/6/2017,13.3574,30/6/2017,-20.8333,30/6/2017,21.8023,30/6/2017,29.3459,30/6/2017,4.2094,30/6/2017,0.4338,31/3/2017,25.794,31/3/2017,-21.0526,30/6/2017,6.7183,30/6/2017,9.5238,30/6/2017,73.913,30/6/2017,-5.6122,30/6/2017,16.6667,31/3/2017,59.9652,31/12/2017,95.539,30/6/2017,-54.392,30/6/2017,27.907,31/3/2017,55.5556,30/6/2017,132.8571,30/6/2017,148.4841,30/6/2017,277.9661,30/6/2017,56.8165,31/3/2017,-40.0308,31/3/2017,32.3496,30/6/2017,11.157,30/6/2017,-14.6825,30/6/2017,485.7143,30/6/2017,-59.8901,30/6/2017,-14.6953,31/3/2017,56.9827,30/6/2017,-25.7919,30/6/2017,200,30/6/2017,75,#N/A N/A,,30/6/2017,-16.3044,30/6/2017,-7.0652,30/6/2017,-56.8035,30/6/2017,-19.6078,30/6/2017,-20.1933,31/12/2017,48.3484,30/6/2017,240.9524,30/6/2017,-197.7266,31/12/2017,-2.0779,30/6/2017,99.7305,30/6/2017,43.0518,30/6/2017,15.7755,30/6/2017,201.5707,30/6/2017,-15.8416,31/3/2017,50,30/6/2017,59.6154,30/6/2017,118.5185,30/6/2017,88.3333,31/3/2017,9200,30/9/2017,137.9121,#N/A N/A,,30/6/2017,-6.6667,30/6/2017,-56.5217,30/6/2017,69.7816,30/6/2017,-50.1627,30/6/2017,204.4444,31/12/2017,47.1783,30/6/2017,-8.0342,31/3/2017,1466.6667,30/6/2017,-16.0279,30/6/2017,47.3684,30/6/2017,514.6341,30/6/2017,54.4005,30/6/2017,101.5873,31/12/2017,0.0798,30/6/2017,204.5572,30/6/2017,3.3898,31/3/2017,300,30/6/2017,126.6667,31/12/2017,297.881,31/12/2017,-162.4294,30/6/2017,720,30/6/2017,44.4444,#N/A N/A,,31/3/2017,-18.5517,30/6/2017,-7.3996,30/6/2017,454.5455,30/6/2017,5455.5556,#N/A N/A,,30/6/2017,140.1786,30/6/2017,64.6108,30/6/2017,35.1179,30/6/2017,-25.355,30/6/2017,-16.8104,30/9/2017,25.5556,30/6/2017,1600,30/6/2017,-69.4805,30/6/2017,9.3385,30/6/2017,469.9029,30/6/2017,13.9831,30/6/2017,64.3038,30/6/2017,18.9358,30/6/2017,650.2234,30/6/2017,142.8571,30/6/2017,45.8333,31/3/2017,43.7049,30/6/2017,95.1604,30/6/2017,31.2964,30/6/2017,438.0952,30/6/2017,10.5263,30/6/2017,92.916,30/6/2017,-33.0916,30/6/2017,-40.4475,30/6/2017,13.1429,30/6/2017,30.7692,30/6/2017,62.4113,30/6/2017,140.1786,31/3/2017,24.4812,30/6/2017,13.2086,31/12/2017,7.9791,30/6/2017,60.8696,30/6/2017,7.6679,30/6/2017,273.9683,30/6/2017,566.9565,30/6/2017,3.3898,30/6/2017,44.5409,30/6/2017,973.125,31/3/2017,-12.0368,30/6/2017,26.9231,30/6/2017,139.3939,30/6/2017,33.3333,30/6/2017,11.4035,30/6/2017,101.1236,30/6/2017,37.2923,30/6/2017,209.0323,#N/A N/A,,30/6/2017,852.381,30/6/2017,21.0628,30/6/2017,7.5949,#N/A N/A,,30/6/2017,176.9231,30/6/2017,-15.458,31/1/2017,-38.7755,30/6/2017,58.6042,30/6/2017,13.0435,#N/A N/A,,30/6/2017,111.602,30/6/2017,-25.2964,30/6/2017,13.2484,30/6/2017,25.2252,30/6/2017,26.6667,30/6/2017,9.8039,30/6/2017,36.0231,30/6/2017,17.9746,30/6/2017,-21.5385,31/3/2018,-54.2114,30/6/2017,17.6562,30/6/2017,9.6774,30/6/2017,-12.622,30/6/2017,-92.3461,31/12/2017,66.6296,30/6/2017,153.9683,30/6/2017,-33.3333,30/6/2017,71.3004,30/6/2017,168.7527,30/6/2017,174.4327,30/6/2017,37.5,30/6/2017,37.2789,30/6/2017,7.1429,30/6/2017,-10.5193,30/6/2017,47.2807,30/6/2017,6,30/6/2017,6.6116,30/6/2017,3.3784,30/6/2017,66.6667,30/6/2017,-31.0847,28/2/2017,-65.9259,30/6/2017,0.6064,30/6/2017,0,30/6/2017,5.6982,30/6/2017,-76.9231,30/6/2017,11.1524,30/6/2017,-19.9234,30/6/2017,15.9509,30/6/2017,-65.1786,30/6/2017,4.8631,#N/A N/A,,30/6/2017,3.9402,30/6/2017,10.1777,30/6/2017,-3.3058,30/6/2017,213.4615,30/6/2017,3.4014,31/3/2017,34.0998,30/6/2017,-96.0784,30/6/2017,21.0177,30/6/2017,7.7778,30/6/2017,-38.2083,30/6/2017,-36.1635,30/6/2017,-10.8981,30/6/2017,39.2012,30/6/2017,-14.069,30/6/2017,3.2258,30/6/2017,63.4187,31/3/2017,155.3349,31/12/2017,-13.0086,30/6/2017,2.7397,30/6/2017,63.4146,30/6/2017,-31.3043,30/6/2017,31.1688,30/6/2017,56.4103
31/12/2017,180.7108,30/9/2017,-9.5861,30/9/2017,45.9016,31/12/2017,109.2066,31/12/2017,9.7002,30/6/2017,-43.3922,,,30/6/2017,-36.5559,31/12/2017,-32.1754,31/12/2017,95.2761,31/12/2017,-23.0755,31/12/2017,-54.4397,,,31/12/2017,60.8889,31/12/2017,771.4925,31/12/2017,-39.482,31/12/2017,32.9737,,,31/12/2017,45.7794,31/12/2017,93.6304,,,31/12/2017,6.5677,31/12/2017,3.8588,,,31/12/2017,14.6694,30/9/2017,-14.0039,31/12/2017,5.7106,31/12/2017,1208.2051,31/12/2017,615.1781,,,,,31/12/2017,-30.8095,30/9/2017,12.1212,31/12/2017,99.617,31/12/2017,56.7444,,,31/12/2017,6.854,30/9/2017,12.2874,31/12/2017,6.0074,31/12/2017,51.3256,31/12/2017,-13.8567,31/12/2017,74.7906,31/12/2017,426.8735,30/9/2017,21.9178,,,31/12/2017,25.0641,31/12/2017,25.2646,31/12/2017,21.3628,31/12/2017,-8.7454,30/9/2017,-11.5873,,,31/12/2017,37.3093,31/12/2017,619.0171,31/12/2017,20.2205,31/12/2017,-3.769,31/12/2017,22.3339,31/3/2018,51.5338,31/12/2017,-0.192,31/12/2017,-17.9952,31/12/2017,-62.9128,30/9/2017,-48.8189,31/12/2017,-31.6571,,,31/12/2017,3.9583,,,,,30/9/2017,-13.6126,31/12/2017,10.9036,,,,,,,31/12/2017,31.3184,31/12/2017,48.1364,31/3/2018,94.3405,31/12/2017,-7.6109,,,31/12/2017,-66.8121,,,31/12/2017,-173.2416,31/12/2017,17.8405,31/12/2017,-53.6483,31/12/2017,-63.5965,31/8/2017,24.2859,31/12/2017,105.8513,31/12/2017,-67.9669,31/12/2017,4.4311,,,31/12/2017,14.1621,31/12/2017,38.3799,31/12/2017,-38.2949,,,31/12/2017,124.8572,31/12/2017,-88.7797,,,31/12/2017,116.9507,30/9/2017,-15.0959,31/12/2017,-9.043,,,31/12/2017,-52.2128,31/12/2017,3.3281,31/12/2017,-12.1968,,,,,30/9/2017,-35.3772,,,,,31/12/2017,14.9533,,,30/9/2017,-13.9269,31/12/2017,-80.1418,,,,,,,30/6/2017,246.9917,31/12/2017,12.2834,31/12/2017,-53.5288,31/12/2017,5.2949,,,31/12/2017,38.4323,31/12/2017,2.3361,30/6/2017,-17.9483,31/12/2017,78.9297,30/9/2017,200,31/3/2018,-16.6667,31/12/2017,-18.8499,,,30/6/2017,119.8681,31/12/2017,149.2349,,,31/12/2017,-23.0558,31/12/2017,-39.3454,30/6/2017,14.2231,30/9/2017,57.9474,31/12/2017,1304.2075,30/6/2017,53.8953,31/12/2017,129.1711,31/12/2017,12.0202,31/12/2017,155.8608,31/12/2017,-17.3571,,,31/12/2017,151.2918,30/6/2017,5.6838,30/6/2017,1.7905,31/12/2017,4.7746,30/9/2017,162.5,30/6/2017,1.601,,,30/11/2017,51.7589,30/6/2017,-27.0798,30/6/2017,9.2727,31/12/2017,60.7556,30/6/2017,22.894,30/6/2017,-0.6856,,,31/12/2017,26.5894,30/6/2017,5.2934,30/6/2017,2.3273,31/12/2017,21.8277,31/12/2017,8.7782,31/12/2017,24.4638,30/6/2017,2.7521,,,31/12/2017,0.2914,30/6/2017,4.3832,31/12/2017,-6.2454,,,,,,,31/12/2017,-8.0997,31/12/2017,124.9553,31/12/2017,33.3749,30/6/2017,-10.0235,30/6/2017,-38.4147,,,31/12/2017,-18.4466,31/12/2017,-54.641,,,31/12/2017,24.5516,31/12/2017,37.8359,31/12/2017,83.2201,31/12/2017,-5.9255,31/12/2017,4.8406,,,30/6/2017,13.6012,31/12/2017,-20.8079,30/9/2017,9.3372,31/12/2017,11.7173,31/12/2017,7.3596,31/12/2017,17.0902,31/12/2017,-36.8972,31/12/2017,20.4548,31/12/2017,8.9884,31/12/2017,51.2595,31/12/2017,-21.7776,31/12/2017,20.0899,31/12/2017,-9.7491,31/12/2017,-14.1275,,,31/12/2017,33.8069,30/9/2017,14.4,31/12/2017,-17.8211,31/12/2017,18.8928,30/6/2017,26.5894,31/12/2017,3.206,,,31/12/2017,-34.6685,30/6/2017,16.413,31/12/2017,34.7849,,,31/12/2017,35.2398,31/12/2017,16.6556,31/12/2017,55.5151,31/12/2017,27.1818,31/12/2017,18.0086,31/12/2017,-16.3752,31/12/2017,-0.125,,,31/12/2017,51.4657,30/6/2017,17.2672,31/12/2017,31.1113,31/12/2017,-15.6887,31/12/2017,16.7867,,,31/12/2017,24.4499,31/12/2017,109.0159,31/12/2017,78.3833,30/9/2017,-95.2,31/12/2017,95.3798,,,31/12/2017,-0.2331,31/12/2017,1.7488,31/12/2017,23.5595,30/6/2017,-15.8758,31/12/2017,34.1014,31/12/2017,-5.8824,31/12/2017,57.261,,,31/12/2017,2.328,30/6/2017,-77.3559,31/12/2017,-18.5905,31/12/2017,27.709,31/12/2017,79.0907,31/12/2017,62.2513,,,30/6/2017,-29.0684,31/12/2017,11.9505,31/12/2017,-30.2677,,,30/6/2017,-10.4367,,,31/12/2017,4.203,31/12/2017,103.5318,,,,,31/12/2017,24.5765,,,31/12/2017,4.5574,30/9/2017,15.9204,,,31/12/2017,26.5518,30/6/2017,1.6453,,,31/12/2017,30.9371,,,,,31/12/2017,52.6068,31/12/2017,199.2289,,,31/12/2017,1445.318,31/12/2017,460.6247,31/12/2017,8.7865,30/6/2017,442.9643,31/12/2017,2.4678,31/12/2017,23.4868,31/12/2017,68.4181,31/12/2017,6.3412,31/12/2017,11.5865,31/12/2017,63.4869,,,,,31/12/2017,-50.1321,31/12/2017,-5.4889,31/12/2017,48.3685,31/12/2017,13.9564,31/12/2017,-1.4678,30/9/2017,158.1532,30/6/2017,-77.6734,31/12/2017,6.0905,31/12/2017,13.6464,31/12/2017,69.3871,31/12/2017,17.5728,31/12/2017,-1.1906,30/6/2017,1.0686,,,31/12/2017,215.5081,,,30/9/2017,20,31/12/2017,-50.9617,31/12/2017,114.1018,,,31/12/2017,20.3013,30/9/2017,-11.2676,30/9/2017,45.0704,31/12/2017,13.2726,31/12/2017,-3.7298,31/12/2017,67.2567,,,31/12/2017,-50.5795,30/6/2017,69.1972,31/12/2017,8.8434,31/12/2017,35.6856,31/12/2017,-11.9557,,,,,31/12/2017,42.8374,31/12/2017,-50,31/12/2017,13.6968,31/12/2017,167.7211,,,31/12/2017,3.8643,,,,,31/12/2017,99.5723,31/12/2017,-4.6131,31/12/2017,21.5177,31/12/2017,71.8862,31/12/2017,30.9723,30/6/2017,-11.9251,,,31/12/2017,100.5303,31/12/2017,8.8885,30/6/2017,312.6142,31/3/2018,-71.875,,,31/12/2017,-6.1371,31/12/2017,-0.969,31/12/2017,-16.8558,31/12/2017,14.417,31/12/2017,1172.4838,,,31/12/2017,51.419,30/6/2017,2.4738,31/12/2017,23.9044,31/12/2017,247.7494,31/12/2017,187.3932,31/12/2017,101.6575,31/12/2017,77.0041,,,31/12/2017,126.8293,31/12/2017,2.5877,30/6/2017,-35.8366,31/12/2017,218.6195,,,,,31/12/2017,149.3308,31/12/2017,130.5096,,,30/9/2017,-3.7147,30/9/2017,257.7889,31/12/2017,44.0855,31/12/2017,155.6224,,,31/12/2017,204.3131,31/12/2017,-49.6803,31/12/2017,34.7999,,,31/12/2017,806.0811,31/3/2018,613.7414,31/12/2017,247.2786,31/12/2017,98.7969,31/12/2017,33.0728,31/12/2017,77.4504,31/12/2017,22.3602,31/12/2017,22.3133,31/12/2017,50.6204,,,31/12/2017,38.5901,31/12/2017,8.0804,30/9/2017,107.1698,31/12/2017,235.2941,31/12/2017,86.7717,31/12/2017,-68.1377,31/12/2017,1.5447,31/12/2017,48.3772,31/12/2017,51.5185,31/12/2017,150,31/12/2017,-7.0873,31/12/2017,31.6885,31/12/2017,31.8096,31/12/2017,204.3131,30/9/2017,15.6075,31/12/2017,74.381,,,31/12/2017,17.8007,31/12/2017,313.3517,,,31/12/2017,141.5601,31/12/2017,12.1276,31/12/2017,215.584,31/12/2017,8179.6097,30/9/2017,43.75,31/12/2017,43.7019,31/12/2017,401.8701,31/12/2017,51.5192,31/12/2017,139.9775,31/12/2017,2.4694,31/12/2017,193.3634,31/12/2017,148.0083,,,31/12/2017,87.0915,31/12/2017,192.8571,31/12/2017,-2.085,,,31/12/2017,97.5504,31/12/2017,73.5314,31/7/2017,762.6879,31/12/2017,174.7985,31/12/2017,106.9724,,,31/12/2017,-16.3109,31/12/2017,108.4242,31/12/2017,104.5546,31/12/2017,-8.8189,31/12/2017,59.3513,31/12/2017,15.509,31/12/2017,22.8634,31/12/2017,51.4502,31/12/2017,134.9158,,,31/12/2017,59.6639,31/12/2017,34.2619,31/12/2017,-66.5768,31/12/2017,316.6453,,,31/12/2017,23.5114,31/12/2017,284.7286,31/12/2017,51.1153,31/12/2017,-2.0854,31/12/2017,142.9994,31/12/2017,32.4018,31/12/2017,93.5015,31/12/2017,-4.1761,31/12/2017,-2308.1306,31/12/2017,-19.5169,31/12/2017,8.318,31/12/2017,-5.8211,31/12/2017,7.1311,31/12/2017,30.5832,31/12/2017,-18.1319,31/8/2017,14.2027,31/12/2017,6.4484,31/12/2017,14.8713,31/12/2017,12.518,31/12/2017,-22.5678,31/12/2017,10.3672,,,31/12/2017,46.0388,31/12/2017,16.6646,31/12/2017,82.4809,,,31/12/2017,-23.3587,31/12/2017,5.8367,31/12/2017,26.6322,31/12/2017,84.0623,31/12/2017,104.4785,30/9/2017,22.8632,31/12/2017,-42.9981,31/12/2017,1.3078,31/12/2017,15.4398,31/12/2017,88.5017,31/12/2017,-78.4194,31/12/2017,4.3116,,,31/12/2017,-27.1219,31/12/2017,24.7045,31/12/2017,-6.0454,30/9/2017,98.3454,,,31/12/2017,11.4909,31/12/2017,-4.2336,31/12/2017,-8.1476,31/12/2017,13.7209,31/12/2017,7.3073
,,31/3/2018,-14.2265,31/3/2018,26.3049,,,,,30/9/2017,-74.8964,,,30/9/2017,-30.7376,,,,,,,,,,,,,,,,,,,,,,,,,,,,,,,,,,,31/3/2018,-31.092,,,,,,,,,,,,,31/3/2018,50.3598,,,,,,,,,31/3/2018,-2.8769,,,,,,,,,,,31/3/2018,44.4398,,,,,,,,,,,31/3/2018,-7.5189,,,,,,,,,,,,,,,,,,,,,31/3/2018,-2.2945,,,,,,,,,,,,,,,,,,,,,,,,,,,,,,,,,,,,,,,,,,,28/2/2018,26.1993,,,,,,,,,,,,,,,,,,,,,,,,,,,,,,,,,,,,,,,,,31/12/2017,-89.5522,,,,,,,,,31/3/2018,18.555,,,,,,,,,30/9/2017,29.9613,,,,,,,,,,,,,30/9/2017,14.6341,,,31/12/2017,-12.0462,,,,,,,30/9/2017,64.629,,,,,,,,,30/9/2017,16.4179,31/3/2018,121.44,,,31/3/2018,-6.25,,,,,,,,,,,,,30/9/2017,5,30/9/2017,-0.3595,,,,,30/9/2017,42.3003,,,,,30/9/2017,4.3478,30/9/2017,13.6364,,,30/9/2017,0.0958,30/9/2017,6.6667,,,,,30/9/2017,0,30/9/2017,5,,,,,,,30/9/2017,3.125,,,,,30/9/2017,4.1667,,,,,,,,,,,,,,,30/9/2017,40,30/9/2017,0.3586,,,,,,,,,,,,,,,,,,,,,30/9/2017,29.9213,,,31/3/2018,8.2515,,,,,,,,,,,,,,,,,,,,,,,,,,,31/3/2018,87.3707,,,,,30/9/2017,17.6471,,,,,,,30/9/2017,66.0986,,,,,,,,,,,,,,,,,,,,,,,30/9/2017,1565.8536,,,,,,,,,,,,,,,,,,,,,,,,,,,30/9/2017,0,,,,,,,,,,,30/9/2017,-1.0945,,,,,,,,,,,30/9/2017,-656.4815,,,,,,,30/9/2017,-35.0055,,,,,,,,,,,,,,,,,31/3/2018,5.1157,,,,,30/9/2017,13.5678,,,,,,,,,,,,,,,31/3/2018,141.5926,,,,,30/9/2017,49.6599,,,,,,,,,,,,,,,,,,,,,,,,,,,31/12/2017,73.358,30/9/2017,-8.055,,,,,,,,,,,31/12/2017,49.2271,,,,,,,31/3/2018,-35.7143,,,,,,,,,31/3/2018,-94.7989,31/3/2018,-4.5161,,,,,,,,,,,30/9/2017,68.6067,,,,,,,,,,,,,31/3/2018,-50,,,,,,,,,,,,,,,,,,,,,,,30/9/2017,0,,,,,,,30/9/2017,73.0337,,,,,,,,,,,,,,,,,,,30/9/2017,-24.3902,,,,,,,,,,,,,,,,,30/9/2017,830.2326,,,,,,,,,,,,,31/3/2018,36.4984,31/12/2017,195.8861,,,,,,,,,,,,,,,,,,,,,,,,,,,,,,,,,,,,,,,31/3/2018,207.7832,,,,,,,,,,,,,,,,,,,,,,,,,,,,,,,,,,,,,,,,,,,31/3/2018,18.3843,,,,,,,,,,,,,,,,,,,,,,,,,,,,,31/1/2018,34.8,,,,,,,,,,,,,,,,,,,,,,,,,,,,,,,,,,,,,,,,,,,,,,,,,,,,,,,,,,,,,,,,,,,28/2/2018,423.913,,,,,,,,,,,,,,,,,,,,,,,,,,,,,,,31/3/2018,33.0211,,,,,,,,,,,,,,,,,,,,,31/3/2018,8.5454,,,,,,,,,,,,
,,,,,,,,,,31/12/2017,295.9055,,,31/12/2017,-3.2174,,,,,,,,,,,,,,,,,,,,,,,,,,,,,,,,,,,,,,,,,,,,,,,,,,,,,,,,,,,,,,,,,,,,,,,,,,,,,,,,,,,,,,,,,,,,,,,,,,,,,,,,,,,,,,,,,,,,,,,,,,,,,,,,,,,,,,,,,,,,,,,,,,,,,,,,,,,,,,,,,,,,,,,,,,,,,,,,,,,,,,,,,,,,,,,,,,,,,,,,,,,,,,,,,,,31/12/2017,51.0382,,,,,,,,,,,,,31/12/2017,-31.362,,,31/3/2018,100,,,,,,,31/12/2017,46.6782,,,,,,,,,31/12/2017,14.1462,,,,,,,,,,,,,,,,,,,31/12/2017,8.01,31/12/2017,10.4714,,,,,31/12/2017,287.1173,,,,,31/12/2017,44.6336,31/12/2017,11.9527,,,31/12/2017,-30.7248,31/12/2017,10.685,,,,,31/12/2017,-2.8853,31/12/2017,4.6761,,,,,,,31/12/2017,4.2281,,,,,31/12/2017,9.029,,,,,,,,,,,,,,,31/12/2017,108.5014,31/12/2017,18.5295,,,,,,,,,,,,,,,,,,,,,31/12/2017,49.7454,,,,,,,,,,,,,,,,,,,,,,,,,,,,,,,,,,,,,31/12/2017,27.5435,,,,,,,31/12/2017,8.3756,,,,,,,,,,,,,,,,,,,,,,,31/12/2017,7.6276,,,,,,,,,,,,,,,,,,,,,,,,,,,31/12/2017,-34.9444,,,,,,,,,,,,,,,,,,,,,,,31/12/2017,325.3369,,,,,,,31/12/2017,0.463,,,,,,,,,,,,,,,,,,,,,,,31/12/2017,3.6641,,,,,,,,,,,,,,,,,,,,,31/12/2017,91.2269,,,,,,,,,,,,,,,,,,,,,,,,,,,31/3/2018,-13.2389,31/12/2017,228.9435,,,,,,,,,,,,,,,,,,,,,,,,,,,,,,,,,,,,,,,,,,,31/12/2017,96.8714,,,,,,,,,,,,,,,,,,,,,,,,,,,,,,,,,,,,,31/12/2017,0,,,,,,,31/12/2017,98.5716,,,,,,,,,,,,,,,,,,,31/12/2017,191.3071,,,,,,,,,,,,,,,,,31/12/2017,111.8548,,,,,,,,,,,,,,,31/3/2018,50,,,,,,,,,,,,,,,,,,,,,,,,,,,,,,,,,,,,,,,,,,,,,,,,,,,,,,,,,,,,,,,,,,,,,,,,,,,,,,,,,,,,,,,,,,,,,,,,,,,,,,,,,,,,,,,,,,,,,,,,,,,,,,,,,,,,,,,,,,,,,,,,,,,,,,,,,,,,,,,,,,,,,,,,,,,,,,,,,,,,,,,,,,,,,,,,,,,,,,,,,,,,,,,,,,,,,,,,,,,,,,,,,,,,,,,,,,,,,,,,,,,,,,,,
,,,,,,,,,,31/3/2018,36.138,,,31/3/2018,-90,,,,,,,,,,,,,,,,,,,,,,,,,,,,,,,,,,,,,,,,,,,,,,,,,,,,,,,,,,,,,,,,,,,,,,,,,,,,,,,,,,,,,,,,,,,,,,,,,,,,,,,,,,,,,,,,,,,,,,,,,,,,,,,,,,,,,,,,,,,,,,,,,,,,,,,,,,,,,,,,,,,,,,,,,,,,,,,,,,,,,,,,,,,,,,,,,,,,,,,,,,,,,,,,,,,31/3/2018,64.0362,,,,,,,,,,,,,31/3/2018,16.0584,,,,,,,,,,,31/3/2018,-0.1626,,,,,,,,,31/3/2018,13.9241,,,,,,,,,,,,,,,,,,,31/3/2018,3.8462,31/3/2018,8.6957,,,,,31/3/2018,11.6279,,,,,31/3/2018,15.7895,31/3/2018,0,,,31/3/2018,6.6667,31/3/2018,6.25,,,,,31/3/2018,-5.5556,31/3/2018,4.7619,,,,,,,31/3/2018,5.1282,,,,,31/3/2018,7.1429,,,,,,,,,,,,,,,31/3/2018,-57.1429,31/3/2018,24.4898,,,,,,,,,,,,,,,,,,,,,31/3/2018,46.8085,,,,,,,,,,,,,,,,,,,,,,,,,,,,,,,,,,,,,31/3/2018,86.9128,,,,,,,31/3/2018,27.2727,,,,,,,,,,,,,,,,,,,,,,,31/3/2018,23.5294,,,,,,,,,,,,,,,,,,,,,,,,,,,,,,,,,,,,,,,,,,,,,,,,,,,31/3/2018,31.5385,,,,,,,31/3/2018,-21.9512,,,,,,,,,,,,,,,,,,,,,,,31/3/2018,3.726,,,,,,,,,,,,,,,,,,,,,31/3/2018,80.8,,,,,,,,,,,,,,,,,,,,,,,,,,,,,31/3/2018,18.8889,,,,,,,,,,,,,,,,,,,,,,,,,,,,,,,,,,,,,,,,,,,31/3/2018,60.3896,,,,,,,,,,,,,,,,,,,,,,,,,,,,,,,,,,,,,31/3/2018,33.3333,,,,,,,31/3/2018,194.6237,,,,,,,,,,,,,,,,,,,31/3/2018,0,,,,,,,,,,,,,,,,,31/3/2018,75,,,,,,,,,,,,,,,,,,,,,,,,,,,,,,,,,,,,,,,,,,,,,,,,,,,,,,,,,,,,,,,,,,,,,,,,,,,,,,,,,,,,,,,,,,,,,,,,,,,,,,,,,,,,,,,,,,,,,,,,,,,,,,,,,,,,,,,,,,,,,,,,,,,,,,,,,,,,,,,,,,,,,,,,,,,,,,,,,,,,,,,,,,,,,,,,,,,,,,,,,,,,,,,,,,,,,,,,,,,,,,,,,,,,,,,,,,,,,,,,,,,,,,,,,,,,,,,,,,,,,,,,
